issue_id,review_id
access.login_failure,ac3de4d6-dbe5-496b-a727-719bd83e0c02
billing.premium_paywall,968774a7-055f-42b2-8159-d6ed52db7a1e
catalog.lyrics,4714f64f-5661-42b1-8fb2-7cd36e1e19f8
catalog.lyrics,b6c206ee-127b-44d1-9fa6-a3be34ec97da
catalog.recommendations,0bc25ea1-60ff-429d-a745-81708ed41871
other.general,67ab53f3-3c56-402e-979b-caae84dcea4e
other.general,13aaca55-cd33-4b4c-8c95-7f2dd9b03062
other.general,ec30f513-78ea-4d5d-bc8b-786855ccc35c
playback.connection_error,8fb5427d-a06d-4f12-aaef-b5063048b978
playback.crash_freeze,79e45816-5f50-461a-8af5-35e07166c5f8
playback.playback_stops_or_skips,b5048729-d172-476c-a415-bbc9b5b0bc3a
playback.playback_stops_or_skips,597a0d80-1121-445b-a6bf-ae92752bfefd
usability.ads,a88d3260-3816-41b6-a3c7-43f589c080d5
usability.ads,031cc9c5-33ba-46b2-af70-e6d6c2a2bc48
usability.ads,30cf2683-158f-406a-a634-3b4498d71378
usability.ads,8d607d4d-2a3a-42ef-9545-d80f3248a11f
usability.ads,1cb86bb1-776a-4ec6-9844-6f706a734847
usability.ads,45a421b3-3ce6-47e4-917b-64c0ec0daf8c
usability.library_playlist_management,b070f47b-42fd-488c-81cd-d164fd688c76
usability.ui_change,82580d59-b2e8-4161-a741-f39d725077f9
