claim_id,issue_id,metric,value
C001,billing.premium_paywall,complaint_count,49834
C002,billing.premium_paywall,severity_sum,141749
C003,billing.premium_paywall,mean_severity,2.844423
C004,billing.premium_paywall,priority_score,141749
C005,other.general,complaint_count,66259
C006,other.general,severity_sum,131797
C007,other.general,mean_severity,1.989118
C008,other.general,priority_score,131797
C009,usability.ads,complaint_count,37469
C010,usability.ads,severity_sum,93738
C011,usability.ads,mean_severity,2.501748
C012,usability.ads,priority_score,93738
C013,playback.playback_stops_or_skips,complaint_count,19469
C014,playback.playback_stops_or_skips,severity_sum,61848
C015,playback.playback_stops_or_skips,mean_severity,3.176743
C016,playback.playback_stops_or_skips,priority_score,61848
C017,usability.ui_change,complaint_count,22953
C018,usability.ui_change,severity_sum,50043
C019,usability.ui_change,mean_severity,2.180238
C020,usability.ui_change,priority_score,50043
C021,usability.queue_shuffle_controls,complaint_count,11045
C022,usability.queue_shuffle_controls,severity_sum,32055
C023,usability.queue_shuffle_controls,mean_severity,2.902218
C024,usability.queue_shuffle_controls,priority_score,32055
C025,playback.crash_freeze,complaint_count,8299
C026,playback.crash_freeze,severity_sum,29991
C027,playback.crash_freeze,mean_severity,3.613809
C028,playback.crash_freeze,priority_score,29991
C029,access.login_failure,complaint_count,7300
C030,access.login_failure,severity_sum,28410
C031,access.login_failure,mean_severity,3.891781
C032,access.login_failure,priority_score,28410
C033,usability.library_playlist_management,complaint_count,6377
C034,usability.library_playlist_management,severity_sum,18898
C035,usability.library_playlist_management,mean_severity,2.963462
C036,usability.library_playlist_management,priority_score,18898
C037,catalog.missing_content,complaint_count,6073
C038,catalog.missing_content,severity_sum,17007
C039,catalog.missing_content,mean_severity,2.800428
C040,catalog.missing_content,priority_score,17007
