claim_id,subject,metric,value
A001,usability,complaint_count,62
A002,usability,severity_sum,155
A003,usability,mean_severity,2.500000
A004,usability,share_of_complaints_pct,26.16
A005,usability,cancellation_count,7
A006,usability,sev4plus_count,0
A007,usability,sev4plus_share_of_area_pct,0.0
A008,billing_support,complaint_count,50
A009,billing_support,severity_sum,151
A010,billing_support,mean_severity,3.020000
A011,billing_support,share_of_complaints_pct,21.1
A012,billing_support,cancellation_count,6
A013,billing_support,sev4plus_count,4
A014,billing_support,sev4plus_share_of_area_pct,8.0
A015,playback,complaint_count,40
A016,playback,severity_sum,134
A017,playback,mean_severity,3.350000
A018,playback,share_of_complaints_pct,16.88
A019,playback,cancellation_count,5
A020,playback,sev4plus_count,17
A021,playback,sev4plus_share_of_area_pct,42.5
A022,other,complaint_count,48
A023,other,severity_sum,93
A024,other,mean_severity,1.937500
A025,other,share_of_complaints_pct,20.25
A026,other,cancellation_count,6
A027,other,sev4plus_count,0
A028,other,sev4plus_share_of_area_pct,0.0
A029,catalog,complaint_count,21
A030,catalog,severity_sum,56
A031,catalog,mean_severity,2.666667
A032,catalog,share_of_complaints_pct,8.86
A033,catalog,cancellation_count,1
A034,catalog,sev4plus_count,0
A035,catalog,sev4plus_share_of_area_pct,0.0
A036,access,complaint_count,9
A037,access,severity_sum,35
A038,access,mean_severity,3.888889
A039,access,share_of_complaints_pct,3.8
A040,access,cancellation_count,1
A041,access,sev4plus_count,7
A042,access,sev4plus_share_of_area_pct,77.78
A043,downloads,complaint_count,7
A044,downloads,severity_sum,23
A045,downloads,mean_severity,3.285714
A046,downloads,share_of_complaints_pct,2.95
A047,downloads,cancellation_count,3
A048,downloads,sev4plus_count,2
A049,downloads,sev4plus_share_of_area_pct,28.57
T001,access,early_complaints,2
T002,access,early_completed_records,129
T003,access,early_share_pct,1.55
T004,access,late_complaints,6
T005,access,late_completed_records,227
T006,access,late_share_pct,2.64
T007,billing_support,early_complaints,9
T008,billing_support,early_completed_records,129
T009,billing_support,early_share_pct,6.98
T010,billing_support,late_complaints,30
T011,billing_support,late_completed_records,227
T012,billing_support,late_share_pct,13.22
T013,catalog,early_complaints,4
T014,catalog,early_completed_records,129
T015,catalog,early_share_pct,3.1
T016,catalog,late_complaints,10
T017,catalog,late_completed_records,227
T018,catalog,late_share_pct,4.41
T019,downloads,early_complaints,3
T020,downloads,early_completed_records,129
T021,downloads,early_share_pct,2.33
T022,downloads,late_complaints,2
T023,downloads,late_completed_records,227
T024,downloads,late_share_pct,0.88
T025,other,early_complaints,4
T026,other,early_completed_records,129
T027,other,early_share_pct,3.1
T028,other,late_complaints,34
T029,other,late_completed_records,227
T030,other,late_share_pct,14.98
T031,playback,early_complaints,5
T032,playback,early_completed_records,129
T033,playback,early_share_pct,3.88
T034,playback,late_complaints,21
T035,playback,late_completed_records,227
T036,playback,late_share_pct,9.25
T037,usability,early_complaints,12
T038,usability,early_completed_records,129
T039,usability,early_share_pct,9.3
T040,usability,late_complaints,27
T041,usability,late_completed_records,227
T042,usability,late_share_pct,11.89
K001,corpus,source_rows,500
K002,corpus,completed_records,500
K003,corpus,quarantined_records,0
K004,corpus,pending_records,0
K005,corpus,complaint_or_cancellation_records,237
