rank,issue_id,complaint_count,severity_sum,mean_severity,priority_score
1,usability.ads,6,18,3.000000,18
2,playback.playback_stops_or_skips,2,7,3.500000,7
3,other.general,3,6,2.000000,6
4,access.login_failure,1,4,4.000000,4
5,catalog.lyrics,2,4,2.000000,4
6,billing.premium_paywall,1,3,3.000000,3
7,catalog.recommendations,1,3,3.000000,3
8,playback.connection_error,1,3,3.000000,3
9,playback.crash_freeze,1,3,3.000000,3
10,usability.library_playlist_management,1,3,3.000000,3
11,usability.ui_change,1,2,2.000000,2
